<?xml version="1.0" encoding="utf-8"?>
<PSXExtensionHandlerConfiguration handlerName="Java">
	<Extension categorystring="" context="global/percussion/assembly/" deprecated="no" handler="Java" name="FOPAssembler" restoreRequestParamsOnError="no">
		<initParam name="com.percussion.user.description">FOP Assembler for PDF and other printable types.</initParam>
		<initParam name="com.percussion.extension.assembly.libraries">sys_assembly.vm,rx_assembly.vm</initParam>
		<initParam name="com.percussion.extension.version">2</initParam>
		<initParam name="com.percussion.extension.reentrant">yes</initParam>
		<initParam name="className">com.percussion.pso.fop.FopAssembler</initParam>
		<initParam name="com.percussion.extension.assembly.fileSuffix">.vm</initParam>
		<initParam name="com.percussion.extension.assembly.autoReload">yes</initParam>
		<initParam name="com.percussion.pso.fop.SupportedMimeTypes">application/pdf,application/postscript,application/x-pcl,text/plain,text/richtext,text/rtf,application/rtf</initParam>
		<interface name="com.percussion.services.assembly.IPSAssembler"/>		
		<suppliedResources/>
	</Extension>
		<Extension name="session" context="global/percussion/system" handler="Java" categorystring="jexl" deprecated="no">
		<initParam name="com.percussion.user.description">Jexl extension for certain session data required for authentication.</initParam>
		<initParam name="com.percussion.extension.version">1</initParam>
		<initParam name="className">com.percussion.services.assembly.jexl.PSSessionUtils</initParam>
		<initParam name="com.percussion.extension.reentrant">yes</initParam>
		<interface name="com.percussion.extension.IPSJexlExpression"/>
		<suppliedResources/>
	</Extension>	
</PSXExtensionHandlerConfiguration>